Filename,TotalTime,NReducers,InMapper,Job1Time,Job2Time,MapMemoryJob1,ReduceMemoryJob1,MapMemoryJob2,ReduceMemoryJob2
pg100.txt,54.552810140999995,1,true,27.845217738,26.707592403,0,0,0,0
pg100.txt,49.15506853,1,true,22.361870403,26.793198127,0,0,0,0
pg100.txt,49.090947442,1,true,20.332207664,28.758739778,0,0,0,0
pg100.txt,46.616583231,1,true,19.970341934,26.646241297,0,0,0,0
